{"count":1,"self":152.26399999999998,"total":157.1844544,"children":{"InitializeActuators":{"count":1,"self":0.0091808999999999988,"total":0.0091808999999999988,"children":null},"InitializeSensors":{"count":1,"self":0.015975299999999998,"total":0.015975299999999998,"children":null},"AgentSendState":{"count":7341,"self":0.5156407,"total":0.684936,"children":{"CollectObservations":{"count":1469,"self":0.0626505,"total":0.0626505,"children":null},"WriteActionMask":{"count":1469,"self":0.0107624,"total":0.0107624,"children":null},"RequestDecision":{"count":1469,"self":0.095882399999999993,"total":0.095882399999999993,"children":null}}},"DecideAction":{"count":7341,"self":3.6204199999999997,"total":3.7643609999999996,"children":{"RayPerceptionSensor.Perceive":{"count":4407,"self":0.14394079999999998,"total":0.14394079999999998,"children":null}}},"AgentAct":{"count":7341,"self":0.4439998,"total":0.4439998,"children":null}},"gauges":{"Hummingbird.CumulativeReward":{"count":1,"max":49.5049438,"min":49.5049438,"runningAverage":49.5049438,"value":49.5049438,"weightedAverage":49.5049438}},"metadata":{"timer_format_version":"0.1.0","start_time_seconds":"1743699148","unity_version":"6000.0.27f1","command_line_arguments":"C:\\Program Files\\Unity\\Hub\\Editor\\6000.0.27f1\\Editor\\Unity.exe -projectpath C:\\Users\\yubin\\OneDrive\\Desktop\\AI for Game Programming Class\\ReinforcementLearning -useHub -hubIPC -cloudEnvironment production","communication_protocol_version":"1.5.0","com.unity.ml-agents_version":"3.0.0","scene_name":"Training","end_time_seconds":"1743699305"}}