{
    "name": "root",
    "gauges": {
        "Penguin.Policy.Entropy.mean": {
            "value": 1.4634493589401245,
            "min": 1.407490611076355,
            "max": 1.7447052001953125,
            "count": 197
        },
        "Penguin.Policy.Entropy.sum": {
            "value": 6825.52783203125,
            "min": 6353.3154296875,
            "max": 9660.1328125,
            "count": 197
        },
        "Penguin.Step.mean": {
            "value": 999896.0,
            "min": 19968.0,
            "max": 999896.0,
            "count": 197
        },
        "Penguin.Step.sum": {
            "value": 999896.0,
            "min": 19968.0,
            "max": 999896.0,
            "count": 197
        },
        "Penguin.Policy.ExtrinsicValueEstimate.mean": {
            "value": -0.09994512051343918,
            "min": -0.5129817724227905,
            "max": 0.06010345369577408,
            "count": 197
        },
        "Penguin.Policy.ExtrinsicValueEstimate.sum": {
            "value": -3.997804880142212,
            "min": -15.902435302734375,
            "max": 2.3440346717834473,
            "count": 197
        },
        "Penguin.Losses.PolicyLoss.mean": {
            "value": 0.07796194963157177,
            "min": 0.05742906359280797,
            "max": 0.08196860332232478,
            "count": 197
        },
        "Penguin.Losses.PolicyLoss.sum": {
            "value": 0.07796194963157177,
            "min": 0.05742906359280797,
            "max": 0.16393720664464956,
            "count": 197
        },
        "Penguin.Losses.ValueLoss.mean": {
            "value": 1.8086339450304777e-06,
            "min": 3.021234002728887e-07,
            "max": 0.047761738714244634,
            "count": 197
        },
        "Penguin.Losses.ValueLoss.sum": {
            "value": 1.8086339450304777e-06,
            "min": 3.021234002728887e-07,
            "max": 0.047761738714244634,
            "count": 197
        },
        "Penguin.Policy.LearningRate.mean": {
            "value": 8.640997119999982e-07,
            "min": 8.640997119999982e-07,
            "max": 0.0002942784019072,
            "count": 197
        },
        "Penguin.Policy.LearningRate.sum": {
            "value": 8.640997119999982e-07,
            "min": 8.640997119999982e-07,
            "max": 0.0005840640053119999,
            "count": 197
        },
        "Penguin.Policy.Epsilon.mean": {
            "value": 0.10028800000000002,
            "min": 0.10028800000000002,
            "max": 0.19809279999999999,
            "count": 197
        },
        "Penguin.Policy.Epsilon.sum": {
            "value": 0.10028800000000002,
            "min": 0.10028800000000002,
            "max": 0.394688,
            "count": 197
        },
        "Penguin.Policy.Beta.mean": {
            "value": 3.877119999999994e-05,
            "min": 3.877119999999994e-05,
            "max": 0.009809470720000003,
            "count": 197
        },
        "Penguin.Policy.Beta.sum": {
            "value": 3.877119999999994e-05,
            "min": 3.877119999999994e-05,
            "max": 0.019469331199999995,
            "count": 197
        },
        "Penguin.IsTraining.mean": {
            "value": 1.0,
            "min": 1.0,
            "max": 1.0,
            "count": 197
        },
        "Penguin.IsTraining.sum": {
            "value": 1.0,
            "min": 1.0,
            "max": 1.0,
            "count": 197
        },
        "Penguin.Environment.EpisodeLength.mean": {
            "value": 999.0,
            "min": 999.0,
            "max": 999.0,
            "count": 123
        },
        "Penguin.Environment.EpisodeLength.sum": {
            "value": 7992.0,
            "min": 7992.0,
            "max": 7992.0,
            "count": 123
        },
        "Penguin.Environment.CumulativeReward.mean": {
            "value": -1.0000000521540642,
            "min": -1.0000000521540642,
            "max": -1.0000000521540642,
            "count": 147
        },
        "Penguin.Environment.CumulativeReward.sum": {
            "value": -7.000000365078449,
            "min": -8.000000417232513,
            "max": -1.0000000521540642,
            "count": 147
        },
        "Penguin.Policy.ExtrinsicReward.mean": {
            "value": -1.0000000521540642,
            "min": -1.0000000521540642,
            "max": -1.0000000521540642,
            "count": 147
        },
        "Penguin.Policy.ExtrinsicReward.sum": {
            "value": -7.000000365078449,
            "min": -8.000000417232513,
            "max": -1.0000000521540642,
            "count": 147
        }
    },
    "metadata": {
        "timer_format_version": "0.1.0",
        "start_time_seconds": "1744560730",
        "python_version": "3.10.12 | packaged by Anaconda, Inc. | (main, Jul  5 2023, 19:01:18) [MSC v.1916 64 bit (AMD64)]",
        "command_line_arguments": "C:\\Users\\yubin\\Anaconda3\\envs\\mlagents\\Scripts\\mlagents-learn Config\\Penguin.yaml --run-id=P01 --resume",
        "mlagents_version": "1.1.0",
        "mlagents_envs_version": "1.1.0",
        "communication_protocol_version": "1.5.0",
        "pytorch_version": "2.2.2+cu121",
        "numpy_version": "1.23.5",
        "end_time_seconds": "1744583059"
    },
    "total": 22329.259507900002,
    "count": 1,
    "self": 0.04605900000024121,
    "children": {
        "run_training.setup": {
            "total": 0.11996980000003532,
            "count": 1,
            "self": 0.11996980000003532
        },
        "TrainerController.start_learning": {
            "total": 22329.0934791,
            "count": 1,
            "self": 6.3125233001374,
            "children": {
                "TrainerController._reset_env": {
                    "total": 7.4452483999994,
                    "count": 1,
                    "self": 7.4452483999994
                },
                "TrainerController.advance": {
                    "total": 22315.143281599863,
                    "count": 123159,
                    "self": 3.0117524998204317,
                    "children": {
                        "env_step": {
                            "total": 22312.131529100043,
                            "count": 123159,
                            "self": 21535.232859799486,
                            "children": {
                                "SubprocessEnvManager._take_step": {
                                    "total": 773.7897233005206,
                                    "count": 123159,
                                    "self": 14.740708000404993,
                                    "children": {
                                        "TorchPolicy.evaluate": {
                                            "total": 759.0490153001156,
                                            "count": 123159,
                                            "self": 759.0490153001156
                                        }
                                    }
                                },
                                "workers": {
                                    "total": 3.108946000036667,
                                    "count": 123159,
                                    "self": 0.0,
                                    "children": {
                                        "worker_root": {
                                            "total": 22315.697763199863,
                                            "count": 123159,
                                            "is_parallel": true,
                                            "self": 20991.320662099482,
                                            "children": {
                                                "steps_from_proto": {
                                                    "total": 0.00034270000105607323,
                                                    "count": 1,
                                                    "is_parallel": true,